,City,Lat,Lng,Max Temp,Humidity,Cloudiness,Wind Speed,Country,Date
0,Nālūt,30.33,10.85,81.0,24,0,6.4,LY,1594951957
1,Camacha,33.08,-16.33,68.0,88,20,8.05,PT,1594951957
2,Richards Bay,-28.78,32.04,52.38,74,0,3.56,ZA,1594951957
3,Bredasdorp,-34.53,20.04,44.6,87,0,6.93,ZA,1594951957
4,Punta Arenas,-53.15,-70.92,30.2,86,0,4.7,CL,1594951957
5,Barrow,71.29,-156.79,35.6,74,90,13.87,US,1594951957
6,Vaini,-21.2,-175.2,78.8,78,75,8.05,TO,1594951957
7,Mahébourg,-20.41,57.7,69.8,77,20,6.93,MU,1594951958
8,Albany,42.6,-73.97,70.0,76,100,10.89,US,1594951958
9,Chui,-33.7,-53.46,46.63,93,0,5.77,UY,1594951958
10,Marsá Maţrūḩ,31.35,27.25,75.2,73,40,13.87,EG,1594951958
11,Haines Junction,60.75,-137.51,68.99,37,6,8.97,CA,1594951958
12,San Juan,-31.54,-68.54,50.38,48,0,2.93,AR,1594951958
13,Ponta do Sol,32.67,-17.1,68.0,77,20,4.7,PT,1594951958
14,Ilulissat,69.22,-51.1,48.2,70,100,2.24,GL,1594951958
15,Valparaíso,-33.04,-71.63,50.0,93,100,2.24,CL,1594951959
16,Fortuna,40.6,-124.16,64.99,87,90,11.41,US,1594951959
17,Jamestown,42.1,-79.24,73.0,94,90,4.7,US,1594951959
18,Amahai,-3.33,128.92,81.19,77,100,4.14,ID,1594951959
19,Kushima,31.46,131.23,75.2,78,75,4.7,JP,1594951833
20,Santa Cruz de la Sierra,-17.8,-63.17,74.03,66,6,6.58,BO,1594951899
21,Mataura,-46.19,168.86,39.0,83,45,3.0,NZ,1594951959
22,Kruisfontein,-34.0,24.73,47.08,46,0,4.81,ZA,1594951959
23,Atambua,-9.11,124.89,82.69,52,0,2.37,ID,1594951959
24,Mar del Plata,-38.0,-57.56,48.0,86,0,2.24,AR,1594951854
25,Khatanga,71.97,102.5,46.71,73,100,20.11,RU,1594951868
26,Kajaani,64.23,27.73,46.4,93,0,3.36,FI,1594951960
27,Adrar,20.5,-10.07,86.97,30,64,7.65,MR,1594951960
28,Yellowknife,62.46,-114.35,66.2,48,75,3.36,CA,1594951960
29,Dikson,73.51,80.55,41.16,94,26,5.95,RU,1594951960
30,Halvad,23.02,71.18,83.1,78,99,6.22,IN,1594951960
31,Faanui,-16.48,-151.75,77.74,80,6,10.16,PF,1594951960
32,Port Elizabeth,-33.92,25.57,42.8,93,0,2.24,ZA,1594951960
33,Redlands,34.06,-117.18,86.0,33,5,10.29,US,1594951960
34,Ushuaia,-54.8,-68.3,28.4,74,0,4.7,AR,1594951865
35,New Norfolk,-42.78,147.06,48.0,84,0,1.01,AU,1594951961
36,Narsaq,60.92,-46.05,55.4,35,28,8.05,GL,1594951961
37,Port Augusta,-32.5,137.77,62.6,42,0,11.41,AU,1594951961
38,Kapaa,22.08,-159.32,84.2,70,20,9.17,US,1594951961
39,Codrington,-38.27,141.97,53.1,70,0,7.49,AU,1594951961
40,Waingapu,-9.66,120.26,81.95,63,10,6.87,ID,1594951961
41,Atuona,-9.8,-139.03,79.7,77,3,17.4,PF,1594951844
42,Iqaluit,63.75,-68.51,50.0,71,75,4.7,CA,1594951961
43,Norman Wells,65.28,-126.83,68.0,72,75,11.41,CA,1594951861
44,Graaff-Reinet,-32.25,24.53,47.97,37,0,7.25,ZA,1594951962
45,Vila Franca do Campo,37.72,-25.43,68.0,82,75,9.17,PT,1594951962
46,Busselton,-33.65,115.33,53.01,96,70,17.65,AU,1594951962
47,Yerbogachën,61.28,108.01,55.58,73,99,10.0,RU,1594951962
48,Tura,25.52,90.22,78.98,92,99,6.2,IN,1594951962
49,Vestmannaeyjar,63.44,-20.27,51.35,87,100,9.24,IS,1594951962
50,Hobart,-42.88,147.33,48.2,66,20,9.17,AU,1594951871
51,Akçaabat,41.02,39.57,75.2,100,75,1.12,TR,1594951962
52,Palmer,42.16,-72.33,69.8,64,75,10.29,US,1594951962
53,Castro,-24.79,-50.01,55.27,92,100,4.03,BR,1594951962
54,Inhambane,-23.86,35.38,64.76,77,79,11.48,MZ,1594951963
55,Nanortalik,60.14,-45.24,48.72,61,0,6.15,GL,1594951963
56,Lashio,22.93,97.75,74.14,94,100,1.83,MM,1594951963
57,Villarrica,-25.75,-56.43,65.48,98,49,3.69,PY,1594951963
58,Médéa,36.26,2.75,66.2,88,1,0.49,DZ,1594951963
59,Avarua,-21.21,-159.78,73.4,64,99,12.75,CK,1594951963
60,Port Lincoln,-34.73,135.87,61.27,48,0,13.91,AU,1594951963
61,Krumovgrad,41.47,25.65,66.0,71,0,1.25,BG,1594951963
62,Sinnamary,5.38,-52.95,78.6,85,100,9.22,GF,1594951963
63,Ust-Maya,60.42,134.53,81.43,39,97,4.81,RU,1594951963
64,San Sebastián Tenango,18.65,-98.18,68.0,56,0,5.99,MX,1594951963
65,Rikitea,-23.12,-134.97,73.69,81,100,6.13,PF,1594951964
66,Bukama,-9.2,25.85,59.52,56,53,2.33,CD,1594951964
67,Tazovsky,67.47,78.7,47.19,81,4,14.63,RU,1594951964
68,Sitka,57.05,-135.33,59.0,77,90,9.17,US,1594951925
69,Puerto Ayora,-0.74,-90.35,68.0,92,9,3.0,EC,1594951668
70,Kankan,10.39,-9.31,70.18,96,98,7.67,GN,1594951964
71,Bethel,41.37,-73.41,66.99,72,1,3.36,US,1594951964
72,Kalmunai,7.42,81.82,82.45,75,100,1.81,LK,1594951964
73,Hithadhoo,-0.6,73.08,84.2,72,92,9.28,MV,1594951964
74,Hojāi,26.0,92.87,82.63,84,92,3.96,IN,1594951964
75,‘Āhuimanu,21.44,-157.84,87.8,66,40,12.75,US,1594951929
76,Lüderitz,-26.65,15.16,77.0,13,0,25.28,NA,1594951965
77,Ostrovnoy,68.05,39.51,51.26,61,0,4.74,RU,1594951965
78,Caravelas,-17.71,-39.25,71.31,75,29,8.3,BR,1594951965
79,Arraial do Cabo,-22.97,-42.03,66.2,77,40,6.93,BR,1594951965
80,Yumen,40.28,97.2,72.88,37,95,13.2,CN,1594951798
81,Hoquiam,46.98,-123.89,64.99,82,90,12.75,US,1594951812
82,Provideniya,64.38,-173.3,55.4,76,90,4.47,RU,1594951965
83,Cape Town,-33.93,18.42,48.0,93,0,5.82,ZA,1594951809
84,Vestmanna,62.16,-7.17,50.0,87,70,11.41,FO,1594951965
85,Baruun-Urt,46.68,113.28,65.1,77,100,11.36,MN,1594951966
86,Iralaya,15.0,-83.23,80.13,87,73,7.56,HN,1594951966
87,Leningradskiy,69.38,178.42,46.42,79,92,13.33,RU,1594951966
88,Kawalu,-7.38,108.21,82.33,63,2,2.57,ID,1594951966
89,Bengkulu,-3.8,102.27,81.05,78,15,4.72,ID,1594951889
90,Nikolskoye,59.7,30.79,55.0,87,100,2.24,RU,1594951963
91,Dunedin,-45.87,170.5,50.0,59,2,1.99,NZ,1594951966
92,Vilhena,-12.74,-60.15,69.67,42,0,2.95,BR,1594951853
93,Sept-Îles,50.2,-66.38,63.0,63,75,8.05,CA,1594951829
94,Ontario,34.06,-117.65,82.0,44,1,11.41,US,1594951966
95,Carnarvon,-24.87,113.63,62.6,100,40,16.11,AU,1594951936
96,Mānikganj,23.86,90.01,86.0,74,75,11.41,BD,1594951966
97,Umba,66.69,34.34,50.72,70,0,2.04,RU,1594951967
98,Hermanus,-34.42,19.23,44.01,89,0,1.01,ZA,1594951967
99,Mountain Home,43.13,-115.69,95.0,11,1,13.87,US,1594951784
100,Yar-Sale,66.83,70.83,54.82,63,5,5.59,RU,1594951967
101,Pangnirtung,66.15,-65.71,64.0,31,44,3.36,CA,1594951967
102,Ixtapa,20.7,-105.2,79.0,94,90,3.36,MX,1594951967
103,Tasiilaq,65.61,-37.64,44.6,65,1,12.75,GL,1594951967
104,Sharjah city,25.36,55.4,96.8,66,0,3.36,AE,1594951967
105,Torbay,47.67,-52.73,48.99,100,90,18.34,CA,1594951967
106,Zhigansk,66.77,123.37,69.17,49,15,10.76,RU,1594951967
107,Kahului,20.89,-156.47,91.4,49,40,21.92,US,1594951967
108,Goma,-1.68,29.22,61.14,71,74,2.42,CD,1594951968
109,Pevek,69.7,170.31,38.79,98,100,3.38,RU,1594951968
110,Tiksi,71.69,128.87,39.49,81,99,23.42,RU,1594951968
111,Saskylakh,71.92,114.08,49.77,68,100,16.55,RU,1594951968
112,Port Alfred,-33.59,26.89,56.34,42,0,6.42,ZA,1594951968
113,Grindavik,63.84,-22.43,48.2,81,75,29.97,IS,1594951968
114,Guánica,17.97,-66.91,82.0,79,17,6.11,PR,1594951968
115,Rundu,-17.93,19.77,49.26,51,0,11.7,NA,1594951968
116,Mareeba,-17.0,145.43,78.01,50,56,10.29,AU,1594951968
117,Amapá,1.0,-52.0,71.38,96,93,2.06,BR,1594951969
118,Bluff,-46.6,168.33,39.0,83,33,3.0,NZ,1594951969
119,Mehamn,71.04,27.85,53.85,80,90,0.27,NO,1594951900
120,Butaritari,3.07,172.79,83.41,70,100,9.66,KI,1594951969
121,Kaitangata,-46.28,169.85,46.99,57,16,5.01,NZ,1594951969
122,Grand Gaube,-20.01,57.66,66.0,81,0,1.99,MU,1594951969
123,Parfen'yevo,58.48,43.41,54.41,97,67,5.37,RU,1594951969
124,Berlevåg,70.86,29.09,52.2,85,95,2.06,NO,1594951969
125,Saint Paul Harbor,57.79,-152.41,57.2,82,90,6.93,US,1594951864
126,Bambous Virieux,-20.34,57.76,69.8,77,40,6.93,MU,1594951969
127,Vao,-22.67,167.48,69.08,64,0,17.11,NC,1594951969
128,Athabasca,54.72,-113.29,61.41,89,100,4.03,CA,1594951726
129,Ereymentau,51.62,73.1,71.56,69,73,13.09,KZ,1594951970
130,Yulara,-25.24,130.99,57.2,33,0,10.29,AU,1594951970
131,Magaria,13.0,8.91,81.55,64,99,7.27,NE,1594951970
132,Chapais,49.78,-74.85,66.2,93,90,8.05,CA,1594951970
133,Pacific Grove,36.62,-121.92,64.99,77,1,9.17,US,1594951706
134,Ribeira Grande,38.52,-28.7,69.03,78,32,12.66,PT,1594951970
135,Norwich,52.63,1.3,63.0,82,62,3.36,GB,1594951970
136,Chokurdakh,70.63,147.92,49.73,63,79,5.66,RU,1594951970
137,Roald,62.58,6.13,61.0,72,100,8.05,NO,1594951970
138,Kamina,-8.74,24.99,58.26,55,39,11.81,CD,1594951971
139,Tuktoyaktuk,69.45,-133.04,57.2,67,20,13.87,CA,1594951971
140,Coyhaique,-45.58,-72.07,32.0,91,90,3.36,CL,1594951971
141,Talnakh,69.49,88.4,51.8,71,75,20.13,RU,1594951971
142,Yangi Marg`ilon,40.43,71.72,78.8,29,100,2.24,UZ,1594951971
143,Aksu,41.12,80.26,83.44,29,100,3.67,CN,1594951971
144,Kavieng,-2.57,150.8,85.66,65,10,5.46,PG,1594951971
145,Virginia Beach,36.85,-75.98,80.01,78,75,9.17,US,1594951920
146,Hong Kong,22.29,114.16,90.0,62,97,13.0,HK,1594951701
147,Alofi,-19.06,-169.92,80.6,69,40,9.17,NU,1594951971
148,Daguit,14.19,122.73,86.58,72,46,3.42,PH,1594951972
149,East London,-33.02,27.91,57.04,36,0,4.07,ZA,1594951972
150,Hilo,19.73,-155.09,84.2,66,90,10.29,US,1594951972
151,Lebanon,36.21,-86.29,82.4,69,1,6.64,US,1594951749
152,Batagay-Alyta,67.8,130.41,46.71,82,100,2.84,RU,1594951972
153,Qaanaaq,77.48,-69.36,43.48,75,39,3.71,GL,1594951972
154,Abhā,18.22,42.51,69.8,37,20,10.65,SA,1594951972
155,Matagami,49.75,-77.63,68.0,77,20,4.7,CA,1594951972
156,Vila Velha,-20.33,-40.29,66.0,93,93,3.4,BR,1594951728
157,Nuevo Progreso,23.17,-97.95,84.0,65,1,1.99,MX,1594951973
158,Olafsvik,64.89,-23.71,48.24,76,100,29.37,IS,1594951973
159,Bathsheba,13.22,-59.52,82.4,74,20,13.87,BB,1594951973
160,Souillac,-20.52,57.52,69.8,77,40,6.93,MU,1594951973
161,Deniliquin,-35.53,144.97,54.01,59,0,0.58,AU,1594951973
162,Petites Anses,15.85,-61.64,78.8,74,18,5.82,GP,1594951973
163,Quatre Cocos,-20.21,57.76,69.8,77,40,6.93,MU,1594951973
164,Puquio,-14.7,-74.13,52.39,42,0,3.04,PE,1594951973
165,Maryville,35.76,-83.97,79.0,78,75,4.9,US,1594951776
166,Lebu,-37.62,-73.65,52.74,90,100,20.29,CL,1594951974
167,Nome,64.5,-165.41,60.8,67,90,11.41,US,1594951974
168,Hunucmá,21.02,-89.87,82.99,65,40,5.82,MX,1594951974
169,Phan Thiet,10.93,108.1,84.97,70,9,1.5,VN,1594951754
170,Mata,40.68,-7.46,75.0,41,100,4.0,PT,1594951974
171,Tiznit Province,29.58,-9.5,80.17,42,87,2.33,MA,1594951974
172,Mérida,20.97,-89.62,82.99,65,40,5.82,MX,1594951833
173,Diffa,13.32,12.61,79.81,64,19,10.98,NE,1594951974
174,Comodoro Rivadavia,-45.87,-67.5,41.0,93,90,13.87,AR,1594951974
175,Fort Dodge,42.5,-94.17,77.0,69,1,4.7,US,1594951975
176,Juegang,32.32,121.19,72.0,90,100,12.59,CN,1594951975
177,Fairbanks,64.84,-147.72,66.99,55,75,3.36,US,1594951973
178,George Town,5.41,100.34,82.4,88,20,4.7,MY,1594951853
179,Cabo San Lucas,22.89,-109.91,87.01,45,5,12.75,MX,1594951975
180,Upernavik,72.79,-56.15,44.31,75,94,3.62,GL,1594951720
181,Ekimchan,53.07,132.97,77.43,74,19,2.04,RU,1594951975
182,Bida,9.08,6.02,71.74,95,99,2.86,NG,1594951975
183,Obo,5.4,26.49,66.06,95,74,1.88,CF,1594951975
184,Hervey Bay,-25.3,152.85,68.0,45,0,5.99,AU,1594951975
185,Carepa,7.76,-76.65,76.1,91,100,2.33,CO,1594951975
186,Ust'-Shonosha,61.15,41.34,54.28,96,100,3.49,RU,1594951976
187,Lake Shore,39.11,-76.48,79.0,74,75,14.99,US,1594951976
188,Biak,-0.91,122.88,81.45,71,92,3.38,ID,1594951976
189,Airai,-8.93,125.41,71.29,61,0,3.56,TL,1594951976
190,Danielskuil,-28.19,23.54,36.55,60,0,6.22,ZA,1594951976
191,Sanchursk,56.94,47.25,56.37,94,23,6.15,RU,1594951976
192,Dingli,35.86,14.38,75.99,88,0,3.36,MT,1594951976
193,Guerrero Negro,27.98,-114.06,69.48,77,0,18.01,MX,1594951976
194,Pacifica,37.61,-122.49,61.0,87,90,4.7,US,1594951976
195,Dom Pedrito,-30.98,-54.67,44.24,96,2,4.61,BR,1594951742
196,Christchurch,-43.53,172.63,48.99,75,98,11.41,NZ,1594951933
197,Khani,41.96,42.96,73.4,94,90,2.24,GE,1594951977
198,Lagoa,39.05,-27.98,68.68,82,100,12.41,PT,1594951977
199,Waddān,29.16,16.14,81.64,27,0,4.52,LY,1594951977
200,Saint-Philippe,-21.36,55.77,64.4,88,75,5.82,RE,1594951977
201,São João da Barra,-21.64,-41.05,67.89,71,91,5.03,BR,1594951977
202,Cherskiy,68.75,161.3,57.87,44,0,8.86,RU,1594951977
203,Escárcega,18.61,-90.75,75.42,94,100,5.59,MX,1594951977
204,Cidreira,-30.18,-50.21,57.72,91,100,19.53,BR,1594951977
205,Tuatapere,-46.13,167.68,39.0,83,64,3.0,NZ,1594951977
206,Balikpapan,-1.27,116.83,80.6,94,40,2.24,ID,1594951955
207,Harar,9.31,42.13,57.81,83,97,5.68,ET,1594951978
208,Xingtai,37.06,114.49,86.7,46,100,14.81,CN,1594951978
209,Palauig,15.44,119.9,87.75,64,3,6.15,PH,1594951978
210,Philadelphia,39.95,-75.16,72.0,73,75,8.05,US,1594951874
211,Te Anau,-45.42,167.72,44.58,59,58,0.45,NZ,1594951978
212,Kita,13.03,-9.49,72.37,92,100,2.21,ML,1594951978
213,Ardino,41.58,25.13,66.0,82,0,4.7,BG,1594951978
214,Khovd,48.01,91.64,65.93,37,0,3.24,MN,1594951978
215,Lamar,33.67,-95.58,87.01,70,1,11.41,US,1594951978
216,Karasburg,-28.02,18.75,49.44,44,0,14.76,NA,1594951978
217,Gobabis,-22.45,18.97,42.8,48,0,3.36,NA,1594951978
218,Mandera,3.94,41.87,75.97,60,98,15.75,KE,1594951979
219,Baykit,61.67,96.37,53.53,75,99,13.27,RU,1594951979
220,Karachi,24.91,67.08,86.0,70,75,9.17,PK,1594951686
221,Herat Province,34.5,62.0,77.0,38,20,9.17,AF,1594951979
222,Motrico,15.41,120.68,88.32,63,75,5.41,PH,1594951979
223,Portland,45.52,-122.68,79.0,47,20,12.75,US,1594951758
224,Merauke,-8.47,140.33,80.85,72,21,12.8,ID,1594951885
225,Xining,36.62,101.77,75.0,52,23,0.22,CN,1594951979
226,Yeniseysk,58.45,92.17,60.69,60,14,11.77,RU,1594951979
227,Kirakira,-10.45,161.92,84.94,67,1,9.48,SB,1594951979
228,Namatanai,-3.67,152.43,84.15,72,14,2.42,PG,1594951979
229,Kembé,4.62,21.89,70.32,87,100,1.52,CF,1594951980
230,Mt. Pleasant,32.79,-79.86,82.99,94,1,6.82,US,1594951980
231,Terra Santa,-2.1,-56.49,75.18,83,100,3.06,BR,1594951980
232,Takoradze,4.88,-1.76,73.87,90,46,9.1,GH,1594951980
233,Constitución,-35.33,-72.42,52.72,89,100,9.22,CL,1594951980
234,Okha,53.57,142.95,60.66,94,100,5.5,RU,1594951980
235,Diego de Almagro,-26.37,-70.05,50.94,49,0,1.28,CL,1594951980
236,San Patricio,19.22,-104.7,82.4,74,75,4.68,MX,1594951980
237,Seoul,37.57,126.98,84.2,69,1,4.7,KR,1594951859
238,Weligama,5.97,80.42,80.02,88,100,8.41,LK,1594951981
239,Mordovo,52.08,40.77,51.66,92,4,3.42,RU,1594951981
240,Tegul'det,57.31,88.17,62.76,61,0,7.58,RU,1594951981
241,Sakaiminato,35.55,133.23,77.0,73,20,14.99,JP,1594951981
242,Shubarshi,48.59,57.19,81.59,30,0,5.59,KZ,1594951981
243,Udgīr,18.38,77.12,71.46,88,99,15.26,IN,1594951981
244,Forsytheganj,52.63,29.73,53.08,85,0,2.24,BY,1594951981
245,Kununurra,-15.77,128.73,78.8,17,0,12.75,AU,1594951981
246,Eyl,7.98,49.82,79.52,59,100,26.6,SO,1594951981
247,Geraldton,-28.77,114.6,60.8,67,40,16.11,AU,1594951982
248,Moose Factory,51.26,-80.61,75.2,53,20,21.92,CA,1594951982
249,Barabinsk,55.36,78.36,74.26,84,0,6.22,RU,1594951982
250,Lavrentiya,65.58,-171.0,53.1,74,100,4.47,RU,1594951982
251,Woodward,36.43,-99.39,89.6,58,1,4.7,US,1594951738
252,Dunda,-8.12,34.25,53.28,72,49,6.62,TZ,1594951982
253,Rathenow,52.61,12.34,54.0,72,0,4.59,DE,1594951982
254,Wasilla,61.58,-149.44,73.4,49,40,3.36,US,1594951982
255,Mocuba,-16.84,36.99,59.9,94,82,7.27,MZ,1594951982
256,Taoudenni,22.68,-3.98,94.57,27,8,7.34,ML,1594951983
257,Lompoc,34.64,-120.46,66.99,68,8,11.41,US,1594951983
258,Sabang,5.89,95.32,83.28,76,12,6.44,ID,1594951983
259,La Providencia,28.72,-111.58,93.0,57,0,7.0,MX,1594951983
260,Skjervøy,70.03,20.97,54.81,74,100,7.54,NO,1594951983
261,Morganton,35.75,-81.68,78.01,94,1,0.96,US,1594951983
262,Bilibino,68.05,166.44,53.11,77,97,3.02,RU,1594951983
263,Ripky,51.8,31.08,55.38,81,97,3.38,UA,1594951983
264,Cabedelo,-6.98,-34.83,73.4,94,28,8.05,BR,1594951984
265,Havelock,34.88,-76.9,82.0,85,1,5.37,US,1594951984
266,Bonito,-21.12,-56.48,70.3,44,10,1.79,BR,1594951984
267,Nadym,65.53,72.52,57.15,58,0,5.55,RU,1594951984
268,Nishihara,26.18,127.76,77.0,94,90,9.17,JP,1594951984
269,Yinchuan,38.47,106.27,77.25,50,3,2.77,CN,1594951984
270,Hofn,64.25,-15.21,51.49,86,98,21.79,IS,1594951984
271,Fethiye,36.62,29.12,71.6,64,0,4.7,TR,1594951984
272,Pitimbu,-7.47,-34.81,73.4,94,5,8.05,BR,1594951984
273,Ambulu,-8.35,113.61,81.1,65,0,3.15,ID,1594951984
274,Sistranda,63.73,8.83,57.2,82,75,8.9,NO,1594951984
275,Falam,22.92,93.68,65.71,100,100,0.98,MM,1594951985
276,Kuyanovo,55.8,54.54,66.72,91,100,5.53,RU,1594951985
277,Eenhana,-17.47,16.33,55.4,37,0,8.05,NA,1594951985
278,Sorong,-0.88,131.25,83.28,70,0,3.89,ID,1594951985
279,Española,35.99,-106.08,73.99,49,40,11.54,US,1594951882
280,Mopipi,-21.18,24.88,41.02,78,0,9.31,BW,1594951985
281,Itarema,-2.92,-39.92,77.68,82,0,12.53,BR,1594951985
282,Meulaboh,4.14,96.13,80.73,82,69,3.24,ID,1594951985
283,Stebnyk,49.29,23.56,59.0,93,75,4.47,UA,1594951985
284,Pemba,-12.97,40.52,68.77,72,38,21.16,MZ,1594951985
285,Aksay,47.26,39.87,69.8,60,40,20.13,RU,1594951986
286,Pokhara,28.23,83.98,72.75,87,99,1.14,NP,1594951986
287,Bogorodskoye,56.55,37.88,55.35,98,100,8.03,RU,1594951986
288,Voh,-20.97,164.7,73.13,44,0,9.26,NC,1594951986
289,Aswān,24.09,32.91,80.38,24,0,8.16,EG,1594951721
290,Porto-Novo,6.5,2.6,75.2,94,20,8.05,BJ,1594951986
291,Värnamo,57.19,14.04,54.0,96,0,2.37,SE,1594951986
292,Xichang,27.9,102.26,69.17,82,100,0.49,CN,1594951986
293,Del Rio,29.36,-100.9,98.6,29,1,8.05,US,1594951791
294,Shimoda,34.67,138.95,68.0,94,75,12.75,JP,1594951987
295,Bilma,18.69,12.92,84.87,39,11,2.21,NE,1594951987
296,Klaksvík,62.23,-6.59,50.0,87,90,11.41,FO,1594951987
297,Uruaçu,-14.52,-49.14,69.19,48,11,3.15,BR,1594951987
298,Esqueda,30.72,-109.58,70.61,74,100,11.61,MX,1594951987
299,Poum,-20.23,164.02,70.48,57,0,12.24,NC,1594951987
300,Storm Lake,42.64,-95.21,77.0,88,1,6.93,US,1594951987
301,High Level,58.52,-117.14,59.0,93,90,6.93,CA,1594951987
302,Pucallpa,-8.38,-74.55,75.58,76,0,1.19,PE,1594951987
303,Tautira,-17.73,-149.15,80.6,74,75,9.17,PF,1594951988
304,Nantucket,41.28,-70.1,60.01,87,40,5.82,US,1594951819
305,Mount Isa,-20.73,139.5,71.6,17,90,12.75,AU,1594951988
306,Ahipara,-35.17,173.17,59.18,92,100,10.56,NZ,1594951988
307,Gamba,-2.65,10.0,69.78,95,97,0.92,GA,1594951988
308,Lábrea,-7.26,-64.8,75.52,61,100,1.28,BR,1594951988
309,Saldanha,-33.01,17.94,42.8,81,0,3.36,ZA,1594951988
310,Chunskiy,56.08,99.63,57.69,92,96,7.27,RU,1594951988
311,Mapimí,25.82,-103.85,91.4,22,75,5.82,MX,1594951988
312,Iquique,-20.22,-70.14,60.8,72,90,3.36,CL,1594951989
313,Biltine,14.53,20.92,81.28,61,95,13.98,TD,1594951989
314,Bondo,3.81,23.69,69.31,98,100,1.74,CD,1594951989
315,Dvinskoy Bereznik,62.86,42.71,54.91,96,4,1.88,RU,1594951989
316,Fort Nelson,58.81,-122.7,59.0,100,90,3.36,CA,1594951989
317,Sørland,67.67,12.69,56.21,85,100,11.99,NO,1594951989
318,Cabra,37.47,-4.44,78.8,39,0,6.93,ES,1594951989
319,Lermontovka,47.15,134.34,81.91,59,0,8.46,RU,1594951989
320,Pisco,-13.7,-76.22,60.8,82,90,11.41,PE,1594951989
321,Port Hardy,50.7,-127.42,57.2,82,90,10.29,CA,1594951990
322,Moerai,-22.43,-151.33,69.12,68,0,13.53,PF,1594951990
323,Kikwit,-5.04,18.82,73.65,58,0,0.54,CD,1594951990
324,Saint-Pierre,-21.34,55.48,64.4,88,75,5.82,RE,1594951990
325,Juan de Ayolas,-27.4,-56.9,60.19,98,76,4.14,PY,1594951990
326,Kailua,21.4,-157.74,84.2,66,40,12.75,US,1594951990
327,Thompson,55.74,-97.86,66.2,68,40,5.82,CA,1594951990
328,Wahpeton,46.27,-96.61,78.01,64,1,2.82,US,1594951990
329,Gao,16.64,1.64,87.87,46,24,8.55,ML,1594951990
330,Esperance,-33.87,121.9,55.4,100,90,5.82,AU,1594951991
331,Ust'-Kan,50.93,84.76,61.74,72,12,2.75,RU,1594951991
332,Lagos,6.58,3.75,75.2,94,20,2.24,NG,1594951759
333,Kamenka,51.32,42.77,55.0,79,74,1.01,RU,1594951991
334,Clyde River,70.47,-68.59,46.4,81,1,6.93,CA,1594951991
335,Amudat,1.95,34.95,66.07,85,100,2.77,UG,1594951991
336,Dossor,47.53,52.98,83.26,47,100,15.73,KZ,1594951991
337,Fukuechō,32.69,128.84,78.8,74,75,8.05,JP,1594951991
338,Tezu,27.92,96.17,75.56,87,100,2.93,IN,1594951991
339,College,64.86,-147.8,66.99,55,75,3.36,US,1594951991
340,Qaqortoq,60.72,-46.03,55.4,35,5,8.05,GL,1594951991
341,Cayenne,4.93,-52.33,77.0,100,100,10.33,GF,1594951885
342,La Constancia,24.22,-107.19,86.0,73,62,4.0,MX,1594951992
343,Vardø,70.37,31.11,53.31,84,100,5.59,NO,1594951992
344,Kiryat Gat,31.61,34.76,73.99,68,2,4.65,IL,1594951706
345,Salalah,17.02,54.09,82.4,88,75,4.7,OM,1594951992
346,Vīsāvadar,21.38,70.68,80.8,87,4,4.63,IN,1594951992
347,At-Bashi,41.17,75.81,65.86,36,0,0.87,KG,1594951992
348,La Ronge,55.1,-105.28,66.2,55,75,2.24,CA,1594951992
349,Praia da Vitória,38.73,-27.07,68.0,88,75,10.69,PT,1594951992
350,Kavaratti,10.57,72.64,83.25,81,100,18.59,IN,1594951992
351,Yen Bai,21.7,104.87,85.03,77,100,1.21,VN,1594951774
352,Mangaratiba,-22.96,-44.04,62.6,88,20,4.7,BR,1594951924
353,Karlstad,59.38,13.5,55.0,100,60,2.19,SE,1594951785
354,Kattivākkam,13.22,80.32,80.6,88,75,3.36,IN,1594951993
355,Nichinan,31.6,131.37,73.4,83,75,3.36,JP,1594951744
356,Zaysan,47.47,84.87,82.15,27,0,3.8,KZ,1594951993
357,Jumla,29.27,82.18,67.71,63,62,2.89,NP,1594951993
358,Illapel,-31.63,-71.17,57.24,51,100,2.53,CL,1594951993
359,Nueva Gorgona,8.55,-79.87,78.01,61,100,1.99,PA,1594951993
360,Killybegs,54.63,-8.45,57.99,96,100,5.01,IE,1594951993
361,Koutsouras,35.03,25.95,77.0,50,0,11.01,GR,1594951993
362,Longyearbyen,78.22,15.64,44.6,87,40,0.92,SJ,1594951993
363,Vanavara,60.34,102.28,57.52,84,32,9.8,RU,1594951994
364,Koshki,54.21,50.47,61.11,81,69,5.14,RU,1594951994
365,Dingle,11.0,122.67,86.68,69,2,3.11,PH,1594951995
366,Alice Springs,-23.7,133.88,59.0,30,0,8.05,AU,1594951995
367,Victor Harbor,-35.57,138.62,55.99,87,0,1.01,AU,1594951995
368,Suntar,62.14,117.63,60.15,86,100,5.21,RU,1594951995
369,Saint-François,46.42,3.91,62.6,72,90,5.82,FR,1594951995
370,Salym,60.06,71.48,65.95,85,89,7.87,RU,1594951995
371,Aleksandrov Gay,50.15,48.57,68.79,55,47,5.99,RU,1594951996
372,Novichikha,52.2,81.39,71.87,65,0,15.12,RU,1594951996
373,Tagusao,9.19,117.81,85.69,66,100,4.79,PH,1594951996
374,Karatuzskoye,53.61,92.87,60.67,74,100,3.65,RU,1594951996
375,Najrān,17.49,44.13,86.0,42,40,9.17,SA,1594951996
376,Barranca,-10.75,-77.77,57.94,89,14,6.15,PE,1594951996
377,Urucará,-2.54,-57.76,73.56,95,100,2.37,BR,1594951996
378,Imbituba,-28.24,-48.67,57.2,100,75,6.93,BR,1594951996
379,Beian,63.66,9.57,57.2,82,75,5.77,NO,1594951996
380,Paraíso,9.84,-83.87,73.4,60,63,12.75,CR,1594951996
381,Grahamstown,-33.3,26.53,42.82,61,0,3.33,ZA,1594951927
382,West Wendover,40.74,-114.07,93.2,13,1,10.29,US,1594951997
383,Vuktyl,63.86,57.31,58.84,91,97,6.53,RU,1594951997
384,Sompeta,18.93,84.6,83.91,74,21,5.59,IN,1594951997
385,Acajutla,13.59,-89.83,79.0,81,52,1.01,SV,1594951997
386,Ramos Arizpe,25.55,-100.97,80.6,39,40,9.17,MX,1594951997
387,Kenai,60.55,-151.26,66.2,72,20,14.99,US,1594951996
388,Anadyr,64.75,177.48,57.2,82,20,13.42,RU,1594951997
389,Ous,60.91,61.52,67.93,90,41,6.15,RU,1594951997
390,Caruray,10.31,119.01,87.28,61,100,1.9,PH,1594951997
391,Talcahuano,-36.72,-73.12,53.6,87,90,20.8,CL,1594951998
392,Esim,4.87,-2.24,73.76,91,37,6.64,GH,1594951998
393,Río Cauto,20.56,-76.92,80.6,78,20,9.17,CU,1594951998
394,Novo Aripuanã,-5.12,-60.38,77.36,67,73,2.26,BR,1594951998
395,Saurimo,-9.66,20.39,59.65,39,0,9.42,AO,1594951998
396,Powell River,49.85,-124.54,71.6,73,75,8.05,CA,1594951998
397,Itaporanga,-7.3,-38.15,70.77,74,58,8.05,BR,1594951998
398,Lubao,14.92,120.55,89.01,74,51,1.01,PH,1594951998
399,Isangel,-19.55,169.27,80.6,74,40,6.93,VU,1594951998
400,Oranjestad,12.52,-70.03,82.4,83,20,18.34,AW,1594951885
401,Port Blair,11.67,92.75,80.92,83,99,13.47,IN,1594951998
402,Hailar,49.2,119.7,76.64,64,61,8.19,CN,1594951999
403,Plettenberg Bay,-34.05,23.37,57.29,36,0,4.05,ZA,1594951999
404,Severo-Kuril'sk,50.68,156.12,54.61,85,100,1.39,RU,1594951999
405,Pringsewu,-5.36,104.97,80.67,84,27,3.65,ID,1594951999
406,Port Macquarie,-31.43,152.92,62.01,72,90,17.22,AU,1594951999
407,Arrondissement de Melun,48.5,2.75,63.0,82,90,3.36,FR,1594951999
408,Nouadhibou,20.93,-17.03,69.8,88,75,8.05,MR,1594951999
409,Theunissen,-28.41,26.7,32.45,76,0,3.89,ZA,1594951999
410,Vermillion,42.78,-96.93,84.2,58,1,6.93,US,1594951999
411,Baracoa,20.35,-74.5,80.6,80,12,8.5,CU,1594951999
412,Sumkino,58.11,68.32,77.02,74,0,5.57,RU,1594952000
413,Changchun,43.88,125.32,86.0,51,5,17.9,CN,1594952000
414,Shingū,33.73,135.98,73.4,94,75,3.36,JP,1594952000
415,Charlestown,-32.95,151.67,59.0,78,100,1.99,AU,1594951892
416,Ayan,56.45,138.17,55.09,94,100,8.03,RU,1594952000
417,Lata,40.16,-8.33,72.0,82,77,2.24,PT,1594952000
418,Saint-Louis,16.33,-15.0,76.75,88,100,8.59,SN,1594952000
419,Sosnovo-Ozerskoye,52.52,111.54,59.61,60,47,9.98,RU,1594951926
420,São Filipe,14.9,-24.5,75.0,82,39,3.8,CV,1594952000
421,Gmina Połaniec,50.43,21.28,59.0,100,75,5.82,PL,1594951923
422,Kapit,2.02,112.93,81.21,79,96,1.14,MY,1594951745
423,Oktyabr'skoye,43.06,44.74,62.6,93,0,4.47,RU,1594952001
424,Mica,46.37,24.42,54.0,93,52,2.24,RO,1594952001
425,Labuhan,-6.88,112.21,81.84,73,100,11.48,ID,1594952001
426,Río Gallegos,-51.62,-69.22,15.8,92,75,3.36,AR,1594952001
427,Matara,5.95,80.54,79.81,88,100,7.94,LK,1594952001
428,City of San Pedro,14.35,121.02,91.99,64,0,5.99,PH,1594952001
429,Saint Anthony,45.02,-93.22,80.6,54,40,12.75,US,1594952001
430,Rosarito,32.33,-117.03,72.0,68,1,8.05,MX,1594952001
431,Oistins,13.07,-59.53,82.4,74,20,13.87,BB,1594952001
432,Chake Chake,-5.25,39.77,74.82,68,58,15.68,TZ,1594952002
433,Jilib,0.49,42.79,70.57,84,100,4.9,SO,1594952002
434,Port Hueneme,34.15,-119.2,70.0,77,1,9.17,US,1594952002
435,Olinda,-8.01,-34.86,75.2,78,40,6.93,BR,1594952002
436,Foki,56.69,54.35,65.57,96,93,3.0,RU,1594952002
437,General Higinio Morínigo,-25.95,-55.92,62.6,100,70,3.65,PY,1594952002
438,Laibin,23.7,109.27,86.52,71,100,12.12,CN,1594952002
439,Ibiá,-19.48,-46.54,64.4,68,0,2.24,BR,1594952002
440,Ancud,-41.87,-73.82,51.01,100,90,12.75,CL,1594952002
441,Katsuura,35.13,140.3,70.0,94,75,5.82,JP,1594952002
442,Lenger,42.18,69.88,86.0,28,0,4.47,KZ,1594952003
443,Pechenga,69.53,31.17,57.2,82,92,4.7,RU,1594952003
444,Saint-Augustin,51.23,-58.65,64.09,53,15,10.92,CA,1594952003
445,Skellefteå,64.75,20.95,53.6,100,3,2.24,SE,1594952003
446,Mandurah,-32.55,115.7,55.0,85,94,8.01,AU,1594952003
447,San Cristobal,7.77,-72.22,65.12,92,22,3.6,VE,1594952003
448,Bonavista,48.65,-53.11,48.0,77,100,5.99,CA,1594952004
449,Podgornoye,51.73,39.15,48.2,93,52,2.24,RU,1594952004
450,Faya,18.39,42.45,69.8,37,20,11.45,SA,1594952004
451,Chicama,-7.84,-79.15,61.56,81,11,4.12,PE,1594952004
452,Barra de Tecoanapa,16.52,-98.75,83.48,74,96,3.85,MX,1594952004
453,Bolshoy Lug,52.08,104.09,64.4,52,0,2.24,RU,1594952004
454,Dwārka,22.24,68.97,84.52,81,98,10.02,IN,1594952004
455,Pontalina,-17.52,-49.45,65.16,59,0,7.02,BR,1594952004
456,Elk City,35.41,-99.4,89.6,55,1,6.93,US,1594952004
457,Nemuro,43.32,145.57,69.8,68,20,9.17,JP,1594952005
458,Neutraubling,48.98,12.2,55.0,93,90,3.51,DE,1594952005
459,Bourail,-21.57,165.48,71.94,49,1,12.68,NC,1594952005
460,Rocha,-34.48,-54.33,43.43,92,0,5.44,UY,1594952005
461,Hasaki,35.73,140.83,68.0,93,75,12.75,JP,1594952006
462,Daru,-9.08,143.21,77.77,80,90,15.05,PG,1594952006
463,Cravo Norte,6.3,-70.2,76.86,83,37,1.39,CO,1594952006
464,Bay Roberts,47.6,-53.26,48.99,1,100,16.6,CA,1594952006
465,Korla,41.76,86.15,83.34,22,0,7.25,CN,1594952006
466,Moyale,3.52,39.06,61.74,83,100,15.55,KE,1594952007
467,Shanghai,31.22,121.46,80.01,88,90,8.95,CN,1594951750
468,Flinders,-34.58,150.86,60.01,66,27,8.99,AU,1594952007
469,Karratha,-20.74,116.85,74.53,38,9,4.21,AU,1594952007
470,Jalu,29.03,21.55,77.18,44,0,7.0,LY,1594952007
471,Mgandu,-5.95,34.13,49.96,69,64,10.16,TZ,1594952008
472,Rock Sound,24.9,-76.2,83.12,75,94,16.2,BS,1594952008
473,Margate,51.38,1.39,64.99,76,98,1.01,GB,1594952008
474,Juneau,58.3,-134.42,62.6,67,90,5.82,US,1594952008
475,Gondanglegi,-7.75,112.01,80.44,68,95,4.7,ID,1594952008
476,Oktyabr'skiy,54.48,53.47,65.97,89,54,6.98,RU,1594952008
477,Santa Marta,11.24,-74.2,75.99,88,13,13.98,CO,1594952008
478,Lakselv,70.05,24.97,51.8,100,100,10.29,NO,1594952009
479,Sambava,-14.27,50.17,68.45,82,0,10.4,MG,1594952009
480,Assiut,27.18,31.18,78.8,54,0,13.87,EG,1594952009
481,Derzhavīnsk,51.1,66.32,70.88,50,0,14.27,KZ,1594952009
482,Arman',59.7,150.17,56.88,80,94,5.01,RU,1594952009
483,Kumul,42.8,93.45,83.52,24,34,11.39,CN,1594952009
484,Yabēlo,4.88,38.08,56.66,92,100,11.41,ET,1594952009
485,Kutno,52.23,19.36,53.01,97,23,5.53,PL,1594952010
486,Rio Claro,-22.41,-47.56,59.0,93,0,3.36,BR,1594952010
487,Naze,28.37,129.48,82.4,83,75,13.87,JP,1594952010
488,Vacaria,-28.51,-50.93,53.01,99,100,10.09,BR,1594951840
489,Budakeszi,47.51,18.93,61.0,81,100,8.77,HU,1594952010
490,Erenhot,43.65,111.98,76.17,35,99,16.71,CN,1594952010
491,Natal,-5.79,-35.21,71.6,94,90,3.36,BR,1594952010
492,Mackay,-21.15,149.2,66.99,31,0,13.87,AU,1594952011
493,Bulgan,48.81,103.53,55.98,66,5,5.06,MN,1594952011
494,Banda Aceh,5.56,95.32,82.54,77,38,3.96,ID,1594952011
495,Liberty,31.83,-81.5,82.4,74,1,2.82,US,1594952011
496,Pangai,-19.8,-174.35,80.6,74,75,16.11,TO,1594952011
497,Alta Floresta,-9.88,-56.09,73.4,69,27,2.24,BR,1594952011
498,Ikungi,-5.13,34.77,49.59,76,85,9.17,TZ,1594952012
499,Oranjemund,-28.55,16.43,64.08,29,0,16.55,NA,1594952012
500,Oriximiná,-1.77,-55.87,76.33,85,64,2.59,BR,1594952012
501,Lorengau,-2.02,147.27,86.4,60,48,2.08,PG,1594952012
502,Novikovo,51.15,37.89,54.84,85,76,1.25,RU,1594952012
503,Machico,32.7,-16.77,68.0,77,20,4.7,PT,1594952013
504,Lárdos,36.09,28.02,77.0,78,0,11.41,GR,1594952013
505,Gizo Government Station,-8.1,156.84,84.52,73,47,11.86,SB,1594952013
506,Gouyave,12.16,-61.73,82.4,78,20,13.87,GD,1594952013
507,Constantine,36.37,6.61,62.6,82,0,3.51,DZ,1594952013
508,Aklavik,68.22,-135.01,62.6,51,20,10.29,CA,1594951981
509,Katherine,-14.47,132.27,78.8,15,0,10.29,AU,1594952014
510,Noumea,-22.28,166.46,77.0,38,0,10.29,NC,1594951856
511,Florø,61.6,5.03,55.4,93,100,13.87,NO,1594952014
512,Penzance,50.12,-5.54,57.99,100,90,5.82,GB,1594952014
513,Kasempa,-13.46,25.83,45.52,78,33,8.84,ZM,1594952014
514,Pemangkat,1.17,108.97,80.31,83,99,7.16,ID,1594951890
515,Murgab,37.5,61.97,82.4,51,0,13.87,TM,1594952014
516,Cortez,37.35,-108.59,82.4,28,40,8.05,US,1594951834
517,Makakilo City,21.35,-158.09,87.8,70,20,13.87,US,1594952014
518,Wanning,18.8,110.4,87.94,69,72,14.56,CN,1594952014
519,Camp Verde,34.56,-111.85,84.99,38,40,13.87,US,1594952015
520,Mittagong,-34.45,150.45,62.01,66,0,8.99,AU,1594952015
521,Sooke,48.37,-123.73,70.0,74,49,5.99,CA,1594952015
522,Madimba,-10.4,40.33,66.2,63,20,23.04,TZ,1594952015
523,Corning,42.14,-77.05,75.2,78,90,4.7,US,1594952015
524,Sokoni,-6.43,39.55,74.43,70,93,18.61,TZ,1594952015
525,Qiongshan,20.01,110.35,87.8,70,94,8.95,CN,1594952015
526,Linxia Chengguanzhen,35.6,103.21,71.15,54,0,1.39,CN,1594952015
527,Mayo,38.89,-76.51,79.0,74,75,14.99,US,1594951907
528,Oddur,4.12,43.89,69.58,70,100,21.56,SO,1594952016
529,Ural,55.91,94.75,64.96,78,45,14.43,RU,1594952016
530,Mount Gambier,-37.83,140.77,51.8,76,0,12.75,AU,1594952016
531,Ukiah,39.15,-123.21,93.2,30,1,9.17,US,1594952016
532,Tilichiki,60.47,166.1,52.34,100,100,2.26,RU,1594952016
533,Cervo,43.67,-7.41,64.0,80,69,5.01,ES,1594952016
534,Doctor Arroyo,23.67,-100.18,72.39,51,84,5.53,MX,1594952016
535,Huarmey,-10.07,-78.15,60.26,85,10,7.31,PE,1594952017
536,Villa Constitución,-33.23,-60.33,51.01,77,0,1.99,AR,1594952017
537,Honningsvåg,70.98,25.97,50.05,87,96,1.63,NO,1594952017
538,Yamada,39.47,141.95,70.84,73,100,5.91,JP,1594952017
539,Coquimbo,-29.95,-71.34,48.2,100,18,11.41,CL,1594952011
540,Palkan,6.3,125.03,80.11,71,15,3.06,PH,1594952017
541,Laas,46.62,10.7,51.8,93,90,5.82,IT,1594952017
542,Rawson,-43.3,-65.1,43.18,81,100,9.48,AR,1594952018
543,Le Havre,49.49,0.11,60.8,93,75,6.93,FR,1594952018
544,Urengoy,65.97,78.37,53.31,71,6,13.0,RU,1594952018
545,Catuday,16.29,119.81,85.28,70,45,5.68,PH,1594952018
546,Abasolo,20.45,-101.52,71.6,60,40,8.05,MX,1594952018
547,Almaznyy,48.04,40.05,69.8,60,40,20.13,RU,1594952018
548,Papar,5.73,115.93,86.0,74,20,2.24,MY,1594952019
549,Mglin,53.06,32.85,51.39,91,24,2.44,RU,1594952019
550,Cap Malheureux,-19.98,57.61,66.0,81,2,1.99,MU,1594952019
551,Bereda,43.27,-7.54,59.0,100,100,11.01,ES,1594952019
552,Inta,66.03,60.17,56.66,68,79,11.68,RU,1594952019
553,Ketchikan,55.34,-131.65,60.8,87,90,11.41,US,1594952019
